serv no,wmc,dit,cbo,rfc,lcom,ca,ce,npm,lcom3,loc,dam,moa,mfa,cam,amc
8,0.09503,0.290927,0.029708,0.123624,0.135325,0,0.028838,0.073496,0.787514,0.187369,0,0,0,0.25236,0.084847
36,0.409779,0.236416,0.120622,0.355486,0.449077,0,0.098147,0.419867,0.606873,0.364432,0,0,0,0.231317,0.083209
37,0.095722,0.144945,0.234338,0.127283,0.252723,0.296838,0.31508,0.08546,0.806008,0.155788,0,0,0,0.278231,0.074331
42,0.113132,0.090697,0.304744,0.167806,0.439824,0.417812,0.444246,0.104378,0.541581,0.142609,0,0,0,0.153157,0.051309
57,0.107039,0.290927,0.029708,0.132954,0.176341,0,0.028838,0.078972,0.736873,0.231825,0,0,0,0.324512,0.100948
58,0.049188,0.181228,0.157565,0.071563,0.144325,0.347739,0.225053,0.038815,0.638669,0.103346,0,0,0,0.471197,0.078119
70,0.117612,0.060388,0.400459,0.16455,0.383013,0.239469,0.546041,0.114172,0.394089,0.138076,0,0,0,0.285354,0.030324
85,0.187263,0.140096,0.254784,0.174437,0.315758,0.323713,0.393442,0.190656,0.440895,0.15415,0.073558,0.260211855,0.537066,0.759396,0.137695
86,0.088369,0.248404,0.232653,0.105303,0.259656,0.455053,0.415416,0.094224,0.389263,0.114525,0.164271,0.400780898,0.423157,0.430969,0.285829
87,0.113067,0.181228,0.108351,0.091089,0.257906,0.328678,0.192903,0.110541,0.439585,0.109832,0,0,0,0.67608,0.058753
88,0.057815,0.376596,0.084636,0.071188,0.09226,0.140592,0.122284,0.046704,0.59143,0.15369,0.37072,0.257228513,0.493252,0.488767,0.238527
107,0.056424,0.167548,0.263213,0.094417,0.240356,0,0.175328,0.0446,1,0.133131,0,0,0,0.171231,0.064352
108,0.150649,0.290927,0.029708,0.166633,0.13937,0,0.028838,0.11869,0.421909,0.289253,0,0,0,0.324595,0.109858
110,0.119362,0.236416,0.120622,0.137295,0.157162,0,0.098147,0.094646,0.527758,0.258222,0,0,0,0.28349,0.09652
117,0.142823,0.112623,0.404573,0.192952,0.370466,0,0.228236,0.129161,0.929883,0.202305,0,0,0,0.248304,0.050674
118,0.108772,0.144945,0.215392,0.116294,0.268298,0.169572,0.269302,0.104614,0.485176,0.129191,0,0,0,0.426616,0.069984
137,0.188003,0.068513,0.351905,0.185056,0.335285,0.161739,0.496458,0.187202,0.246406,0.169057,0,0.036249671,0,0.778316,0.065123
139,0.197071,0.121313,0.603003,0.25774,0.636251,0.293487,0.786766,0.200465,0.541149,0.165052,0.039431,0.132271273,0.423157,0.373884,0.098809
142,0.089867,0.307552,0.148371,0.115292,0.149961,0.047544,0.194471,0.073226,0.666173,0.187359,0.166969,0.192744757,0.537066,0.413536,0.188472
144,0.089867,0.307552,0.148371,0.115292,0.149961,0.047544,0.194471,0.073226,0.666173,0.187359,0.166969,0.192744757,0.537066,0.413536,0.188472
151,0.081871,0.112623,0.404573,0.089354,0.161585,0,0.228236,0.080447,0.40769,0.080156,0,0,0,0.123991,0.044054
155,0.20149,0.167548,0.13658,0.161418,0.353251,0.321826,0.223703,0.205578,0.610577,0.183934,0,0,0,0.317776,0.061597
156,0.073525,0.167548,0.263213,0.074578,0.128794,0,0.175328,0.070328,0.608548,0.104591,0,0,0,0.4168,0.064555
162,0.187263,0.140096,0.254784,0.174437,0.315758,0.323713,0.393442,0.190656,0.440895,0.15415,0.073558,0.260211855,0.537066,0.759396,0.137695
163,0.125194,0.155548,0.16333,0.110886,0.257691,0.313379,0.252518,0.122339,0.50984,0.13106,0,0,0,0.663389,0.065997
164,0.059133,0.376596,0.084636,0.067708,0.087766,0.140592,0.122284,0.051276,0.572598,0.145479,0.37072,0.257228513,0.493252,0.576837,0.238096
186,0.049044,0.196946,0.198797,0.056462,0.112334,0,0.144121,0.043128,0.665814,0.095414,0,0,0,0.194117,0.071755
191,0.067518,0.181228,0.177628,0.076926,0.131942,0.139603,0.227028,0.061243,0.463443,0.091898,0,0,0,0.282177,0.075069
193,0.084512,0.215153,0.106848,0.079336,0.105278,0.15053,0.155993,0.081372,0.367641,0.089404,0,0,0,0.600717,0.076395
211,0.125194,0.155548,0.16333,0.110886,0.257691,0.313379,0.252518,0.122339,0.50984,0.13106,0,0,0,0.663389,0.065997
212,0.059133,0.376596,0.084636,0.067708,0.087766,0.140592,0.122284,0.051276,0.572598,0.145479,0.37072,0.257228513,0.493252,0.576837,0.238096
759,0.22641,0.02854,0.757813,0.273815,0.547042,0,0.302227,0.22611,0.562168,0.204496,0,0,0,0.069582,0.017166
800,0.099073,0.100698,0.440697,0.113305,0.21268,0,0.239037,0.098019,0.671557,0.103492,0,0,0,0.111219,0.041343
801,0.103075,0.215153,0.115279,0.095871,0.259006,0.163024,0.159255,0.098031,0.826066,0.149236,0,0,0,0.424948,0.078593
865,0.160452,0.150087,0.380918,0.213559,0.479429,0.290589,0.511291,0.153532,0.788711,0.330027,0.178438,1.002665619,0.537066,0.377008,0.484949
881,0.0806,0.112623,0.404573,0.108518,0.227927,0,0.228236,0.077287,0.727566,0.100965,0,0,0,0.123646,0.045786
885,0.24161,0.055733,0.364223,0.288028,0.592143,0.194066,0.539807,0.231834,0.586534,0.226597,0,0,0,0.233231,0.080714
886,0.101502,0.106387,0.289384,0.149623,0.406741,0.171786,0.35488,0.089829,0.509767,0.120614,0,0,0,0.241163,0.070628
887,0.136641,0.261423,0.05317,0.143958,0.146594,0.188656,0.073245,0.107354,0.406428,0.241532,0,0,0,0.28251,0.093696
888,0.156676,0.08628,0.303902,0.203028,0.480084,0.188656,0.413118,0.145045,0.650531,0.165127,0,0,0,0.22697,0.076442
889,0.136641,0.261423,0.05317,0.143958,0.146594,0.188656,0.073245,0.107354,0.406428,0.241532,0,0,0,0.28251,0.093696
907,0.28536,0.010904,0.47578,0.317302,0.584855,0.259836,0.730822,0.284372,0.119988,0.273871,0,0.137488341,0,0.60922,0.05046
912,0.304458,0.08628,0.289004,0.268824,0.538977,0.231953,0.433911,0.306713,0.517387,0.280033,0,0,0,0.522974,0.05858
923,0.09503,0.290927,0.029708,0.123624,0.135325,0,0.028838,0.073496,0.787514,0.187369,0,0,0,0.25236,0.084847
924,0.194824,0.071587,0.412886,0.236243,0.381501,0.683017,0.539134,0.187847,0.738843,0.211562,0,0,0,0.336643,0.048664
925,0.09503,0.290927,0.029708,0.123624,0.135325,0,0.028838,0.073496,0.787514,0.187369,0,0,0,0.25236,0.084847
926,0.051456,0.236416,0.120622,0.081891,0.122521,0,0.098147,0.035803,0.629093,0.127961,0,0,0,0.186363,0.080515
934,0.09503,0.290927,0.029708,0.123624,0.135325,0,0.028838,0.073496,0.787514,0.187369,0,0,0,0.25236,0.084847
941,0.193891,0.196946,0.110396,0.140599,0.248779,0.146289,0.194471,0.201488,0.28764,0.14106,0,0,0,0.820438,0.07143
942,0.243803,0.042886,0.408511,0.240697,0.404841,0.341784,0.611777,0.243536,0.167964,0.213358,0,0.03326892,0,0.675766,0.057222
951,0.203463,0.254779,0.250941,0.191112,0.385513,0.204312,0.413347,0.21252,0.413824,0.191071,0.141081,0.177850149,0.423157,0.7769,0.170041
987,0.074518,0.196946,0.198797,0.104351,0.191116,0,0.144121,0.058208,0.918941,0.177866,0,0,0,0.205772,0.077382
1050,0.187263,0.140096,0.254784,0.174437,0.315758,0.323713,0.393442,0.190656,0.440895,0.15415,0.073558,0.260211855,0.537066,0.759396,0.137695
1051,0.088369,0.248404,0.232653,0.105303,0.259656,0.455053,0.415416,0.094224,0.389263,0.114525,0.164271,0.400780898,0.423157,0.430969,0.285829
1052,0.113067,0.181228,0.108351,0.091089,0.257906,0.328678,0.192903,0.110541,0.439585,0.109832,0,0,0,0.67608,0.058753
1053,0.057815,0.376596,0.084636,0.071188,0.09226,0.140592,0.122284,0.046704,0.59143,0.15369,0.37072,0.257228513,0.493252,0.488767,0.238527
1116,0.095304,0.201244,0.417274,0.13905,0.42142,0.160598,0.566973,0.098739,0.275695,0.134416,0.168189,0.534652733,0.423157,0.319155,0.294162
1117,0.053018,0.196946,0.103831,0.065851,0.12004,0.193138,0.160346,0.045833,0.673919,0.101407,0,0,0,0.33215,0.071876
1118,0.120335,0.127079,0.220287,0.112158,0.302112,0.172316,0.329029,0.119372,0.426438,0.105161,0,0,0,0.432314,0.071874
1119,0.092735,0.261423,0.05317,0.103633,0.123002,0.188656,0.073245,0.071326,0.512157,0.172335,0,0,0,0.470259,0.084847
1147,0.057696,0.236416,0.058537,0.07769,0.064867,0.18968,0.057676,0.04436,0.582173,0.129207,0,0,0,0.356443,0.083841
1162,0.323828,0.004765,0.674664,0.351538,0.609948,0.308799,0.950038,0.3235,0.249826,0.279291,0,0.111052901,0,0.350534,0.051681
1175,0.032469,0.236416,0.120622,0.028315,0.038745,0,0.098147,0.02889,0.345705,0.064562,0,0,0,0.446614,0.081159
1202,0.125194,0.155548,0.16333,0.110886,0.257691,0.313379,0.252518,0.122339,0.50984,0.13106,0,0,0,0.663389,0.065997
1203,0.059133,0.376596,0.084636,0.067708,0.087766,0.140592,0.122284,0.051276,0.572598,0.145479,0.37072,0.257228513,0.493252,0.576837,0.238096
1204,0.187263,0.140096,0.254784,0.174437,0.315758,0.323713,0.393442,0.190656,0.440895,0.15415,0.073558,0.260211855,0.537066,0.759396,0.137695
1205,0.088369,0.248404,0.232653,0.105303,0.259656,0.455053,0.415416,0.094224,0.389263,0.114525,0.164271,0.400780898,0.423157,0.430969,0.285829
1206,0.059133,0.376596,0.084636,0.067708,0.087766,0.140592,0.122284,0.051276,0.572598,0.145479,0.37072,0.257228513,0.493252,0.576837,0.238096
1207,0.125194,0.155548,0.16333,0.110886,0.257691,0.313379,0.252518,0.122339,0.50984,0.13106,0,0,0,0.663389,0.065997
1208,0.125194,0.155548,0.16333,0.110886,0.257691,0.313379,0.252518,0.122339,0.50984,0.13106,0,0,0,0.663389,0.065997
1209,0.059133,0.376596,0.084636,0.067708,0.087766,0.140592,0.122284,0.051276,0.572598,0.145479,0.37072,0.257228513,0.493252,0.576837,0.238096
1228,0.088369,0.248404,0.232653,0.105303,0.259656,0.455053,0.415416,0.094224,0.389263,0.114525,0.164271,0.400780898,0.423157,0.430969,0.285829
1229,0.125194,0.155548,0.16333,0.110886,0.257691,0.313379,0.252518,0.122339,0.50984,0.13106,0,0,0,0.663389,0.065997
1230,0.059133,0.376596,0.084636,0.067708,0.087766,0.140592,0.122284,0.051276,0.572598,0.145479,0.37072,0.257228513,0.493252,0.576837,0.238096
1260,0.107039,0.290927,0.029708,0.132954,0.176341,0,0.028838,0.078972,0.736873,0.231825,0,0,0,0.324512,0.100948
1261,0.062697,0.236416,0.120622,0.092398,0.192119,0,0.098147,0.042265,0.932149,0.176766,0,0,0,0.253974,0.086425
1262,0.107039,0.290927,0.029708,0.132954,0.176341,0,0.028838,0.078972,0.736873,0.231825,0,0,0,0.324512,0.100948
1263,0.107039,0.290927,0.029708,0.132954,0.176341,0,0.028838,0.078972,0.736873,0.231825,0,0,0,0.324512,0.100948
1264,0.107039,0.290927,0.029708,0.132954,0.176341,0,0.028838,0.078972,0.736873,0.231825,0,0,0,0.324512,0.100948
1265,0.107039,0.290927,0.029708,0.132954,0.176341,0,0.028838,0.078972,0.736873,0.231825,0,0,0,0.324512,0.100948
1266,0.083521,0.236416,0.120622,0.103313,0.134376,0,0.098147,0.064573,0.641438,0.195044,0,0,0,0.277697,0.090642
1293,0.16386,0.167548,0.15067,0.118554,0.296567,0.188656,0.024812,0.172488,0.285664,0.118875,0,0.056633012,0,0.34829,0.065972
1294,0.163998,0.421245,0.104531,0.109027,0.440337,0.175521,0.123122,0.163297,0.377068,0.203413,0.071555,0.317338113,1,0.510474,0.127812
1299,0.123673,0.376596,0.152816,0.085012,0.217446,0.106026,0.263748,0.145119,0.216142,0.565238,1,1.549364294,0.318764,0.821582,1.785194
1301,0.137528,0.380097,0.175621,0.097428,0.252675,0.118358,0.283856,0.160268,0.173498,0.592575,0.958628,1.538647557,0.282397,0.986779,1.76036
1302,0.136334,0.370296,0.165047,0.097602,0.245169,0.133461,0.262914,0.15726,0.207631,0.58913,0.945924,1.523687006,0.318764,0.924023,1.781675
1339,0.0932,0.196946,0.103831,0.105902,0.174841,0.193138,0.160346,0.076759,0.529148,0.158008,0,0,0,0.239613,0.084697
1349,0.133686,0.196946,0.198797,0.103556,0.270706,0,0.144121,0.13918,0.51678,0.123863,0,0,0,0.274851,0.069645
1357,0.128933,0.049656,0.440963,0.163156,0.387989,0.211597,0.526779,0.128112,0.341262,0.100142,0,0.356883234,0,0.552119,0.05779
1358,0.101312,0.055733,0.340547,0.111188,0.29505,0.104267,0.384477,0.099572,0.41582,0.079401,0,0.371187543,0,0.519679,0.053534
1414,0.147371,0.290927,0.241048,0.122967,0.292726,0.286094,0.311693,0.159808,0.189198,0.403983,0.499508,1.039024634,0.364747,0.887712,1.193433
1421,0.076369,0.127079,0.363881,0.089431,0.174647,0,0.214864,0.073416,0.451467,0.085491,0,0,0,0.089409,0.049056
1432,0.238531,0.016464,0.580076,0.284824,0.615514,0.291371,0.808541,0.238241,0.323692,0.197654,0,0.054500587,0,0.388317,0.050634
1434,0.133499,0.047835,0.445154,0.162177,0.365248,0.205453,0.527845,0.132992,0.322146,0.102031,0,0.428758564,0,0.585811,0.057126
1444,0.183633,0.106387,0.467536,0.230651,0.5209,0.300206,0.617731,0.184102,0.782592,0.190375,0.059328,0.31123868,0.537066,0.238717,0.127745
1454,0.079205,0.127079,0.193801,0.092263,0.210425,0.19438,0.298085,0.074242,0.43242,0.078023,0,0,0,0.204377,0.073858
1458,0.128856,0.068513,0.376612,0.172557,0.402828,0.309086,0.497866,0.126443,0.610902,0.122605,0,0.098950838,0,0.47591,0.059735
1459,0.129935,0.06293,0.395445,0.157504,0.321964,0.275174,0.51252,0.128771,0.430139,0.106483,0,0.174416048,0,0.646405,0.066141
1462,0.160937,0.03859,0.398677,0.226463,0.504238,0.207598,0.644632,0.157233,0.61218,0.156563,0,0,0,0.444314,0.021429
1471,0.150649,0.290927,0.029708,0.166633,0.13937,0,0.028838,0.11869,0.421909,0.289253,0,0,0,0.324595,0.109858
1472,0.092236,0.106387,0.315445,0.114509,0.231197,0.472658,0.421548,0.09001,0.722086,0.105792,0,0,0,0.231972,0.043543
1477,0.204538,0.015931,0.672431,0.269155,0.600372,0.888238,0.869978,0.204172,0.408687,0.169681,0,0,0,0.243863,0.018436
1478,0.157152,0.978668,0.252007,0.112822,0.36691,0,0.144121,0.14658,0.805427,0.363323,0,0,0.069378,0.415992,0.107757
1480,0.187063,0.167548,0.146698,0.145119,0.297027,0.040842,0.165664,0.189323,0.383186,0.178303,0,0,0,0.270195,0.079307
1486,0.132554,0.123185,0.298506,0.146958,0.348656,0.17962,0.524628,0.134254,0.231033,0.100992,0.051564,0.197138379,0.537066,0.722896,0.114511
1498,1,0.033672,0.583006,1,0.889995,0.818795,0.743044,1,0.651633,1,0,0,0,0.127809,0.019488
1503,0.096599,0.057993,0.59883,0.125453,0.258343,0,0.276577,0.096419,0.388986,0.078601,0,0,0,0.096316,0.025874
1505,0.087889,0.127079,0.193801,0.118236,0.331452,0.19438,0.298085,0.079161,0.623936,0.107733,0,0,0,0.271292,0.075856
1506,0.076427,0.155548,0.152041,0.100696,0.255337,0.194066,0.234795,0.065108,0.641936,0.113509,0,0,0,0.294381,0.077585
1507,0.14053,0.060388,0.338364,0.183325,0.522857,0.194637,0.519733,0.13779,0.395852,0.106927,0,0,0,0.316054,0.071021
1529,0.039984,0.167548,0.263213,0.061965,0.121544,0,0.175328,0.033422,0.679007,0.085802,0,0,0,0.157881,0.062555
1534,0.187263,0.140096,0.254784,0.174437,0.315758,0.323713,0.393442,0.190656,0.440895,0.15415,0.073558,0.260211855,0.537066,0.759396,0.137695
1535,0.088369,0.248404,0.232653,0.105303,0.259656,0.455053,0.415416,0.094224,0.389263,0.114525,0.164271,0.400780898,0.423157,0.430969,0.285829
1536,0.059133,0.376596,0.084636,0.067708,0.087766,0.140592,0.122284,0.051276,0.572598,0.145479,0.37072,0.257228513,0.493252,0.576837,0.238096
1537,0.125194,0.155548,0.16333,0.110886,0.257691,0.313379,0.252518,0.122339,0.50984,0.13106,0,0,0,0.663389,0.065997
1548,0.154448,0.068513,0.390443,0.15189,0.252492,0.420995,0.539046,0.154642,0.28637,0.137798,0,0,0,0.481184,0.040946
1552,0.154448,0.068513,0.390443,0.15189,0.252492,0.420995,0.539046,0.154642,0.28637,0.137798,0,0,0,0.481184,0.040946
1556,0.226121,0.215153,0.106848,0.167201,0.289703,0.276301,0.155993,0.232624,0.51013,0.18769,0,0,0,0.908519,0.081929
1557,0.141691,0.215153,0.106848,0.099931,0.231745,0.276301,0.155993,0.144,0.518881,0.130781,0,0.056633012,0,0.694904,0.082203
1565,0.069327,0.215153,0.106848,0.078785,0.126664,0.276301,0.155993,0.060026,0.485249,0.104501,0,0,0,0.417881,0.077839
1680,0.113067,0.181228,0.108351,0.091089,0.257906,0.328678,0.192903,0.110541,0.439585,0.109832,0,0,0,0.67608,0.058753
1681,0.057815,0.376596,0.084636,0.071188,0.09226,0.140592,0.122284,0.046704,0.59143,0.15369,0.37072,0.257228513,0.493252,0.488767,0.238527
1682,0.163663,0.065633,0.481688,0.166153,0.275077,0.100494,0.47705,0.164201,0.556404,0.147124,0,0,0,0.217691,0.040024
1684,0.097466,0.100698,0.386513,0.13287,0.316132,0.081631,0.395485,0.093599,0.7408,0.113422,0,0,0,0.216112,0.055235
1685,0.03879,0.381817,0,0.074217,0.03875,0,0,0.022719,0.5574,0.18482,0,0,0,0.552226,0
1704,0.073236,0.188807,0.381202,0.079821,0.173733,0.024783,0.423547,0.076026,0.47948,0.109154,0.154902,0.406311198,0.537066,0.4468,0.313646
1706,0.082124,0.236416,0.120622,0.076591,0.180441,0,0.098147,0.081312,0.566402,0.109644,0,0,0,0.187458,0.079267
1715,0.227213,0.261423,0.066359,0.192007,0.290211,0.08567,0.171279,0.233364,0.492159,0.206393,0,0,0,0.63793,0.100458
1716,0.216274,0.236416,0.17118,0.230512,0.469419,0.2803,0.392237,0.213031,0.498523,0.342364,0,0,0,0.755527,0.082916
1737,0.049188,0.181228,0.157565,0.071563,0.144325,0.347739,0.225053,0.038815,0.638669,0.103346,0,0,0,0.471197,0.078119
1750,0.196872,0.046104,0.467983,0.252892,0.565093,0.227308,0.607069,0.194888,0.810485,0.179803,0,0,0,0.451671,0.05632
1790,0.102601,0.119488,0.236991,0.117263,0.246108,0.307985,0.304136,0.098999,0.624711,0.112286,0,0.223143551,0,0.38841,0.070551
1791,0.150649,0.290927,0.029708,0.166633,0.13937,0,0.028838,0.11869,0.421909,0.289253,0,0,0,0.324595,0.109858
1792,0.150649,0.290927,0.029708,0.166633,0.13937,0,0.028838,0.11869,0.421909,0.289253,0,0,0,0.324595,0.109858
1793,0.038645,0.167548,0.263213,0.067528,0.141828,0,0.175328,0.030443,0.70817,0.093371,0,0,0,0.159472,0.062858
1806,0.183392,0.06293,0.360333,0.202198,0.445743,0.201005,0.515645,0.180494,0.248049,0.189132,0,0,0,0.398042,0.067154
1807,0.181546,0.06293,0.400887,0.221175,0.458109,0.287405,0.533946,0.177083,0.640908,0.207988,0,0,0,0.383606,0.051292
1817,0.075946,0.196946,0.103831,0.097284,0.221637,0.193138,0.160346,0.058507,0.718332,0.143289,0,0,0,0.26642,0.081012
1834,0.276016,0.003998,0.575847,0.338575,0.86776,0.185408,0.869798,0.275282,0.170177,0.183724,0,0.167996287,0,0.468361,0.06719
1888,0.048115,0.167548,0.263213,0.080923,0.186931,0,0.175328,0.038324,0.853008,0.112902,0,0,0,0.165664,0.063608
1889,0.110983,0.095487,0.364921,0.145562,0.293825,0.291551,0.460594,0.107309,0.718139,0.125978,0,0,0,0.346843,0.055209
1890,0.056424,0.167548,0.263213,0.094417,0.240356,0,0.175328,0.0446,1,0.133131,0,0,0,0.171231,0.064352
1892,0.095689,0.261423,0.05317,0.098087,0.107534,0.188656,0.073245,0.078841,0.481329,0.160101,0,0,0,0.289212,0.084288
1893,0.16419,0.167548,0.206593,0.149822,0.323262,0.12978,0.254971,0.162069,0.620097,0.17669,0,0,0,0.426643,0.077217
1900,0.252123,0.023502,0.548397,0.325847,0.71217,0.263154,0.751435,0.250889,0.799653,0.220288,0,0.022104876,0,0.200654,0.050778
1901,0.155031,0.078402,0.342974,0.183727,0.395894,0.311552,0.477541,0.152483,0.715705,0.152853,0,0,0,0.35682,0.065007
1902,0.165658,0.042886,0.419164,0.21592,0.503064,0.219974,0.617572,0.164442,0.555776,0.141462,0,0,0,0.392913,0.057119
1909,0.16419,0.167548,0.206593,0.149822,0.323262,0.12978,0.254971,0.162069,0.620097,0.17669,0,0,0,0.426643,0.077217
1921,0.108693,0.127079,0.21439,0.14083,0.349333,0.140002,0.295214,0.10166,0.457503,0.196639,0,0.054115321,0,0.653805,0.07832
1931,0.179021,0.053596,0.398259,0.228701,0.492575,0.035578,0.48727,0.176986,0.745923,0.16912,0,0,0,0.408015,0.054463
1934,0.157344,0.112623,0.404573,0.168426,0.327047,0,0.228236,0.15448,0.929268,0.187755,0,0,0,0.205341,0.048739
1981,0.059087,0.112623,0.404573,0.084982,0.190227,0,0.228236,0.056559,0.577324,0.071112,0,0,0,0.100956,0.044179
1991,0.126943,0.362252,0.110603,0.104427,0.282813,0.063909,0.181728,0.124983,0.328687,0.161343,0,0,0.146805,0.495294,0.070619
1992,0.115854,0.155548,0.146639,0.112339,0.243445,0.074432,0.19532,0.113524,0.282917,0.163985,0,0,0,0.614688,0.089581
2009,0.110597,0.112623,0.404573,0.106708,0.222634,0,0.228236,0.110692,0.406828,0.103853,0,0,0,0.338788,0.044006
2017,0.125031,0.090697,0.243379,0.154297,0.36002,0.22333,0.434844,0.118915,0.347233,0.123066,0,0,0,0.502112,0.068618
2018,0.129273,0.082193,0.2702,0.164372,0.393434,0.253599,0.466264,0.123223,0.359433,0.1284,0,0,0,0.452562,0.066669
2027,0.196932,0.074875,0.251854,0.180153,0.389646,0.168092,0.431803,0.19801,0.128496,0.162132,0,0.046221971,0,0.746049,0.056693
2037,0.114366,0.290927,0.029708,0.107685,0.124823,0,0.028838,0.106541,0.517234,0.171044,0,0,0,0.302689,0.098151
2092,0.186003,0.215153,0.165666,0.239362,0.46664,0.098867,0.427876,0.175971,0.754114,0.252525,0.074448,0.146534945,0.537066,0.39233,0.11693
2095,0.187263,0.140096,0.254784,0.174437,0.315758,0.323713,0.393442,0.190656,0.440895,0.15415,0.073558,0.260211855,0.537066,0.759396,0.137695
2096,0.125194,0.155548,0.16333,0.110886,0.257691,0.313379,0.252518,0.122339,0.50984,0.13106,0,0,0,0.663389,0.065997
2097,0.059133,0.376596,0.084636,0.067708,0.087766,0.140592,0.122284,0.051276,0.572598,0.145479,0.37072,0.257228513,0.493252,0.576837,0.238096
2108,0.16935,0.031499,0.252563,0.125717,0.346444,0.216671,0.331323,0.168878,0.390447,0.134666,0,0,0,0.536836,0.068128
2112,0.075725,0.167548,0.263213,0.085188,0.184672,0,0.175328,0.071749,0.527305,0.10236,0,0,0,0.20545,0.064576
2113,0.078621,0.127079,0.363881,0.080007,0.17339,0,0.214864,0.078039,0.588613,0.083839,0,0,0,0.114708,0.048699
2118,0.186308,0.036027,0.565208,0.26884,0.668763,0.883922,0.717539,0.181189,0.602835,0.169867,0,0,0,0.088732,0.02851
2119,0.072213,0.236416,0.120622,0.069195,0.138756,0,0.098147,0.070753,0.55931,0.101062,0,0,0,0.187487,0.079125
2120,0.045661,0.196946,0.198797,0.060623,0.121193,0,0.144121,0.037647,0.693355,0.103051,0,0,0,0.190624,0.072098
2121,0.095097,0.127079,0.363881,0.090187,0.166963,0,0.214864,0.095152,0.438144,0.091122,0,0,0,0.09111,0.048732
2123,0.095097,0.127079,0.363881,0.090187,0.166963,0,0.214864,0.095152,0.438144,0.091122,0,0,0,0.09111,0.048732
2132,0.085018,0.127079,0.363881,0.08292,0.181195,0,0.214864,0.084814,0.587138,0.088181,0,0,0,0.114704,0.04867
2142,0.259113,0.046104,0.446641,0.300763,0.573363,0.299246,0.608313,0.254853,0.79063,0.285859,0,0,0,0.357758,0.056506
2143,0.073594,0.215153,0.129667,0.094299,0.184329,0.233653,0.189012,0.064231,0.657964,0.120726,0,0,0,0.20154,0.071461
2144,0.160891,0.196946,0.118978,0.14527,0.295574,0.168119,0.194133,0.158731,0.576476,0.170259,0,0,0,0.359793,0.079832
2145,0.147353,0.167548,0.286604,0.185759,0.474391,0.240789,0.445435,0.143381,0.496849,0.174706,0.031267,0.098950838,0.537066,0.329443,0.098818
2165,0.120305,0.369383,0.168368,0.090942,0.342349,0.21889,0.334141,0.140015,0.269505,0.080149,0.251266,0.229098767,0.282397,0.670252,0.224749
2168,0.114366,0.290927,0.029708,0.107685,0.124823,0,0.028838,0.106541,0.517234,0.171044,0,0,0,0.67928,0.098151
2191,0.116098,0.065633,0.463913,0.177381,0.508899,0.348477,0.580119,0.113291,0.579081,0.111891,0,0,0,0.144852,0.040304
2213,0.097351,0.074875,0.529548,0.126681,0.254775,0,0.261887,0.096454,0.582611,0.090799,0,0,0,0.373895,0.032329
2214,0.145048,0.032564,0.731859,0.210089,0.534757,0,0.298692,0.144328,0.461498,0.117801,0,0,0,0.069028,0.018312
2215,0.119204,0.196946,0.198797,0.139825,0.156655,0,0.144121,0.10027,0.590338,0.242879,0,0,0,0.260655,0.083889
2216,0.083521,0.236416,0.120622,0.103313,0.134376,0,0.098147,0.064573,0.641438,0.195044,0,0,0,0.367618,0.090642
2217,0.056489,0.236416,0.120622,0.081913,0.151935,0,0.098147,0.039003,0.813184,0.15789,0,0,0,0.246944,0.085566
2218,0.074518,0.196946,0.198797,0.104351,0.191116,0,0.144121,0.058208,0.918941,0.177866,0,0,0,0.205772,0.077382
2219,0.150649,0.290927,0.029708,0.166633,0.13937,0,0.028838,0.11869,0.421909,0.289253,0,0,0,0.324595,0.109858
2223,0.09007,0.236416,0.120622,0.11431,0.177529,0,0.098147,0.067686,0.75973,0.215836,0,0,0,0.241519,0.091492
2229,0.170717,0.196946,0.110396,0.122905,0.247941,0.146289,0.194471,0.172648,0.461413,0.140007,0,0,0,0.946108,0.07778
2243,0.065095,0.100698,0.440697,0.084822,0.176728,0,0.239037,0.06394,0.521693,0.065452,0,0,0,0.106671,0.039961
2293,0.063332,0.144945,0.317364,0.105564,0.286709,0,0.197833,0.053847,0.9771,0.125038,0,0,0,0.145597,0.056717
2294,0.107039,0.290927,0.029708,0.132954,0.176341,0,0.028838,0.078972,0.736873,0.231825,0,0,0,0.324512,0.100948
2298,0.09007,0.236416,0.120622,0.11431,0.177529,0,0.098147,0.067686,0.75973,0.215836,0,0,0,0.241519,0.091492
2303,0.059439,0.155548,0.174411,0.079021,0.171009,0.241243,0.251785,0.051863,0.527928,0.08726,0,0,0,0.318157,0.076383
2304,0.062697,0.236416,0.120622,0.092398,0.192119,0,0.098147,0.042265,0.932149,0.176766,0,0,0,0.253974,0.086425
2305,0.09007,0.236416,0.120622,0.11431,0.177529,0,0.098147,0.067686,0.75973,0.215836,0,0,0,0.241519,0.091492
2313,0.153039,0.167548,0.206593,0.123813,0.207281,0.12978,0.254971,0.152804,0.476768,0.159914,0,0,0,0.556375,0.080037
2314,0.075572,0.155548,0.233914,0.099076,0.191104,0.121098,0.279711,0.066856,0.741057,0.125288,0,0,0,0.260257,0.074879
2315,0.107039,0.290927,0.029708,0.132954,0.176341,0,0.028838,0.078972,0.736873,0.231825,0,0,0,0.324512,0.100948
2316,0.194343,0.027625,0.468626,0.211718,0.386156,0.223477,0.714603,0.194474,0.228672,0.154932,0,0.118760992,0,0.489327,0.055007
2338,0.088369,0.248404,0.232653,0.105303,0.259656,0.455053,0.415416,0.094224,0.389263,0.114525,0.164271,0.400780898,0.423157,0.430969,0.285829
2339,0.187263,0.140096,0.254784,0.174437,0.315758,0.323713,0.393442,0.190656,0.440895,0.15415,0.073558,0.260211855,0.537066,0.759396,0.137695
2340,0.113067,0.181228,0.108351,0.091089,0.257906,0.328678,0.192903,0.110541,0.439585,0.109832,0,0,0,0.67608,0.058753
2341,0.057815,0.376596,0.084636,0.071188,0.09226,0.140592,0.122284,0.046704,0.59143,0.15369,0.37072,0.257228513,0.493252,0.488767,0.238527
2370,0.074116,0.144945,0.317364,0.111412,0.252334,0,0.197833,0.065001,0.94777,0.136164,0,0,0,0.143753,0.058232
2371,0.062697,0.236416,0.120622,0.092398,0.192119,0,0.098147,0.042265,0.932149,0.176766,0,0,0,0.253974,0.086425
2372,0.10108,0.112623,0.404573,0.145429,0.341434,0,0.228236,0.094517,0.971442,0.144083,0,0,0,0.234553,0.047777
2379,0.056424,0.167548,0.263213,0.094417,0.240356,0,0.175328,0.0446,1,0.133131,0,0,0,0.171231,0.064352
2409,0.170905,0.057993,0.554569,0.204265,0.345077,0.051972,0.489878,0.169861,0.655023,0.163647,0,0,0,0.44758,0.040353
2445,0.058424,0.196946,0.198797,0.064522,0.120115,0,0.144121,0.054585,0.5366,0.086945,0,0,0,0.085279,0.070198
2450,0.270875,0.060388,0.286737,0.253014,0.396936,0.185577,0.405211,0.270993,0.356672,0.24477,0,0.31663006,0,0.970042,0.068443
2462,0.069942,0.167548,0.263213,0.081285,0.128501,0,0.175328,0.06435,0.707488,0.115302,0,0,0,0.167582,0.06516
2463,0.114366,0.290927,0.029708,0.107685,0.124823,0,0.028838,0.106541,0.517234,0.171044,0,0,0,0.302689,0.098151
2465,0.102089,0.140096,0.501158,0.156064,0.45251,0.017842,0.509859,0.101085,0.553758,0.118765,0.046035,0.192744757,0.537066,0.081413,0.103862
2534,0.092735,0.261423,0.05317,0.103633,0.123002,0.188656,0.073245,0.071326,0.512157,0.172335,0,0,0,0.470259,0.084847
2752,0.142699,0.135516,0.174809,0.095323,0.215251,0.060623,0.219358,0.144517,0.260601,0.105811,0,0,0,0.776,0.060166
2802,0.129114,0.201244,0.244165,0.152521,0.386337,0.315085,0.445389,0.132624,0.126004,0.126425,0.156115,0.282654145,0.423157,0.715415,0.221776
2803,0.102584,0.100698,0.17888,0.119922,0.256452,0.184188,0.313445,0.097875,0.238534,0.084959,0,0.059626549,0,0.507505,0.069524
2804,0.080444,0.100698,0.204716,0.107239,0.235411,0.360037,0.338824,0.075066,0.274322,0.07335,0,0.051382825,0,0.497894,0.066627
2805,0.079647,0.127079,0.158089,0.10008,0.206575,0.237929,0.280286,0.072564,0.288538,0.078429,0,0.043891372,0,0.48379,0.071689
2806,0.117078,0.068513,0.222007,0.143648,0.32161,0.272504,0.392431,0.113684,0.197928,0.097912,0,0.059213364,0,0.557953,0.064249
2807,0.145781,0.055733,0.247826,0.16461,0.338419,0.280009,0.432147,0.143362,0.186298,0.112609,0,0.059495369,0,0.636837,0.066393
2808,0.149601,0.08628,0.278349,0.182365,0.431315,0.4603,0.487636,0.149409,0.107394,0.131511,0.046331,0.168824069,0.537066,0.723472,0.122738
2809,0.134075,0.106387,0.27882,0.171308,0.444005,0.314757,0.476686,0.132689,0.15125,0.120991,0.04971,0.152524869,0.537066,0.636608,0.120665
2810,0.181211,0.03859,0.472732,0.23014,0.538479,0.985127,0.664033,0.18117,0.088644,0.168699,0.038875,0.274846014,0.537066,0.466756,0.168428
2811,0.116331,0.055733,0.260797,0.15781,0.390242,0.324412,0.433829,0.11253,0.253677,0.099978,0,0.059658354,0,0.542601,0.059582
2869,0.105332,0.112623,0.404573,0.110886,0.237744,0,0.228236,0.100997,0.364415,0.087764,0,0,0,0.187662,0.072362
2882,0.119712,0.250923,0.357958,0.128705,0.293794,0.288483,0.544112,0.128347,0.326926,0.141968,0.28582,0.618200527,0.364747,0.501964,0.396023
2883,0.050856,0.155548,0.233914,0.071241,0.149849,0.121098,0.279711,0.044438,0.609036,0.084275,0,0,0,0.269313,0.071266
2889,0.208841,0.135516,0.203867,0.177016,0.431038,0.275994,0.3036,0.212552,0.355353,0.182556,0,0,0,0.433078,0.063896
2890,0.17103,0.018758,0.677587,0.262876,0.739298,1,0.850191,0.170216,0.200777,0.132101,0,0,0,0.022617,0.013335
2902,0.133908,0.057993,0.59883,0.124487,0.229946,0,0.276577,0.134918,0.114428,0.108614,0,0,0,0.429841,0.02522
2910,0.163689,0.060388,0.543303,0.190693,0.385752,0.053601,0.484435,0.161362,0.352652,0.157541,0,0,0,0.110811,0.037971
2914,0.304952,0.057993,0.342048,0.29047,0.476609,0.250834,0.542008,0.306163,0.221884,0.280874,0,0.043891372,0,0.245159,0.038775
2935,0.481183,0.051574,0.38121,0.472076,0.551426,0.233217,0.574658,0.482287,0.182615,0.453158,0,0,0,0.346398,0.036202
2950,0.09503,0.290927,0.029708,0.123624,0.135325,0,0.028838,0.073496,0.787514,0.187369,0,0,0,0.25236,0.084847
2957,0.214684,0.199794,0.435762,0.211911,0.447128,0.389046,0.657611,0.222795,0.106285,0.193514,0.189659,0.832096238,0.318764,0.807263,0.400209
2972,0.086233,0.155548,0.152041,0.08273,0.179703,0.194066,0.234795,0.086151,0.38686,0.088485,0,0,0,0.354398,0.062832
2979,0.452895,0.261423,0.070274,0.406068,0.376856,0.171568,0,0.473442,0.562159,0.379403,0,0,0,0.191822,0.081606
3170,0.195842,0.226547,0.454296,0.244719,0.700496,0.546086,0.723403,0.202911,0.065027,0.196237,0.102349,0.205609659,0.229257,0.566987,0.166656
3171,0.372355,0.221869,0.525682,0.381058,0.830157,0.505501,0.813236,0.383695,0.320783,0.325798,0.203606,0.50993656,0.178328,0.689085,0.309685
3172,0.32542,0.349332,0.515791,0.349314,0.960785,0.609177,0.792232,0.349267,0.089045,0.452355,0.538268,1.415713562,0.053689,0.756704,1.155728
3174,0.285188,0.387168,0.549822,0.312691,1,0.877197,0.787531,0.311979,0.004339,0.370977,0.546477,1.162014547,0.035862,0.737506,0.961851
3175,0.190154,0.290927,0.350774,0.211379,0.523156,0.407161,0.586174,0.201519,0.202611,0.299573,0.431197,1.040691737,0.209386,0.706269,0.789536
3176,0.125897,0.215153,0.290841,0.157827,0.384172,0.42186,0.467861,0.129227,0.285365,0.138466,0.154513,0.302045507,0.423157,0.474599,0.22966
3179,0.26865,0.157828,0.502259,0.301377,0.598499,0.393009,0.73362,0.273281,0.457329,0.273267,0.116509,0.356203496,0.364747,0.506535,0.19168
3181,0.174568,0.140096,0.337125,0.203668,0.412435,0.305615,0.54885,0.173786,0.504273,0.196643,0.055236,0.226324376,0.537066,0.431306,0.120704
3184,0.118052,0.223255,0.364746,0.147478,0.370687,0.7816,0.517738,0.123145,0.146261,0.117211,0.170135,0.343931252,0.364747,0.372314,0.256151
3187,0.207333,0.146383,0.406861,0.256577,0.683622,0.565406,0.620893,0.21113,0.012548,0.199308,0.093908,0.390540291,0.282397,0.836801,0.238134
3189,0.330635,0.251205,0.532192,0.350941,0.856662,0.590439,0.805963,0.344454,0.128417,0.508481,0.241749,2.005479616,0.12319,0.558698,1.408304
3194,0.221818,0.131788,0.534267,0.288169,0.800377,0.750966,0.800801,0.225472,0.079081,0.399563,0.107311,1.795619422,0.282397,0.503212,0.93486
3196,0.218387,0.275569,0.424876,0.248519,0.680235,0.623898,0.66625,0.229542,0.085085,0.552729,0.297359,2.111481141,0.155217,0.70242,1.574866
3197,0.185033,0.261423,0.413988,0.224398,0.647749,0.490324,0.657934,0.193213,0.055033,0.190066,0.198571,0.349413651,0.209386,0.61236,0.26097
3200,0.130272,0.307552,0.234318,0.146103,0.336945,0.21889,0.3491,0.134182,0.357302,0.152598,0.24826,0.303685089,0.423157,0.608411,0.204413
3208,0.177245,0.181228,0.302509,0.181573,0.367222,0.508229,0.498879,0.18115,0.117236,0.156925,0.093106,0.265724708,0.493252,0.708255,0.166239
3211,0.175616,0.254779,0.27559,0.178653,0.38292,0.332551,0.442701,0.182804,0.324923,0.313793,0.249093,1.353312639,0.423157,0.525349,0.818569
3267,0.322815,0.167548,0.184375,0.282385,0.503074,0.329582,0.257897,0.331068,0.407743,0.290833,0,0,0,0.123515,0.060272
3269,0.222105,0.078402,0.293408,0.218287,0.453581,0.287357,0.410441,0.222541,0.270376,0.215989,0,0.057549819,0,0.26005,0.034577
3271,0.110163,0.135516,0.195352,0.095864,0.221517,0.290009,0.300254,0.11196,0.354701,0.096615,0,0,0,0.228337,0.052464
3272,0.148489,0.042886,0.386243,0.172483,0.364998,0.404692,0.599191,0.147411,0.168957,0.145031,0,0.017223853,0,0.293943,0.038435
3273,0.128769,0.112623,0.227084,0.128545,0.29251,0.184935,0.317021,0.126753,0.260596,0.113932,0,0.058891518,0,0.314377,0.062667
3275,0.082988,0.135516,0.195352,0.072177,0.127917,0.216843,0.275574,0.083647,0.284602,0.064931,0,0.048727503,0,0.365342,0.063064
3276,0.126728,0.236416,0.083159,0.104651,0.201837,0.176223,0.118417,0.127627,0.429261,0.124246,0,0,0,0.506385,0.075833
3278,0.478714,0.167548,0.142079,0.435404,0.547408,0.194559,0.223703,0.487753,0.368751,0.420572,0,0,0,0.250093,0.06125
3280,0.193914,0.053596,0.342984,0.191361,0.350554,0.343587,0.555677,0.194294,0.196835,0.179616,0,0,0,0.278996,0.036571
3281,0.154598,0.119488,0.231357,0.146867,0.338858,0.337823,0.344794,0.155094,0.388463,0.151906,0,0,0,0.193435,0.047889
3282,0.185843,0.144945,0.151711,0.160233,0.343639,0.227946,0.263554,0.189581,0.36812,0.165193,0,0,0,0.451097,0.058948
3283,0.093568,0.155548,0.156161,0.088664,0.231302,0.240415,0.250027,0.093648,0.38976,0.093542,0,0,0,0.262165,0.059498
3284,0.148126,0.068513,0.305399,0.151856,0.308806,0.276653,0.465459,0.147379,0.1913,0.130035,0,0.043891372,0,0.451208,0.054846
3285,0.28987,0.167548,0.159414,0.254276,0.353094,0.171349,0.225551,0.295175,0.306001,0.240662,0,0,0,0.317878,0.065357
3286,0.186518,0.100698,0.217157,0.170546,0.305419,0.286454,0.375277,0.188378,0.293392,0.170585,0,0,0,0.70749,0.046084
3289,0.12313,0.119488,0.200354,0.120733,0.273506,0.136445,0.265697,0.121825,0.233684,0.106197,0,0.086482845,0,0.515698,0.06594
3290,0.09446,0.082193,0.296226,0.124018,0.294725,0.266051,0.400896,0.090428,0.213503,0.086258,0,0.139327045,0,0.310089,0.054026
3291,0.094349,0.167548,0.177612,0.08266,0.121184,0.118889,0.200653,0.093102,0.248288,0.072978,0,0.130812036,0,0.459201,0.072775
3294,0.331516,0.112623,0.24124,0.302277,0.547923,0.08801,0.270795,0.335516,0.167122,0.287646,0,0.459580429,0,0.725432,0.05516
3296,0.322815,0.167548,0.184375,0.282385,0.503074,0.329582,0.257897,0.331068,0.407743,0.290833,0,0,0,0.123515,0.060272
3297,0.193914,0.053596,0.342984,0.191361,0.350554,0.343587,0.555677,0.194294,0.196835,0.179616,0,0,0,0.278996,0.036571
3299,0.478714,0.167548,0.142079,0.435404,0.547408,0.194559,0.223703,0.487753,0.368751,0.420572,0,0,0,0.250093,0.06125
3300,0.154598,0.119488,0.231357,0.146867,0.338858,0.337823,0.344794,0.155094,0.388463,0.151906,0,0,0,0.193435,0.047889
3301,0.148489,0.042886,0.386243,0.172483,0.364998,0.404692,0.599191,0.147411,0.168957,0.145031,0,0.017223853,0,0.293943,0.038435
3302,0.093568,0.155548,0.156161,0.088664,0.231302,0.240415,0.250027,0.093648,0.38976,0.093542,0,0,0,0.262165,0.059498
3303,0.110163,0.135516,0.195352,0.095864,0.221517,0.290009,0.300254,0.11196,0.354701,0.096615,0,0,0,0.228337,0.052464
3304,0.082988,0.135516,0.195352,0.072177,0.127917,0.216843,0.275574,0.083647,0.284602,0.064931,0,0.048727503,0,0.365342,0.063064
3307,0.148126,0.068513,0.305399,0.151856,0.308806,0.276653,0.465459,0.147379,0.1913,0.130035,0,0.043891372,0,0.451208,0.054846
3308,0.368396,0.106387,0.273986,0.335218,0.580647,0.374914,0.38903,0.372467,0.368507,0.334904,0,0,0,0.205655,0.054682
3310,0.126728,0.236416,0.083159,0.104651,0.201837,0.176223,0.118417,0.127627,0.429261,0.124246,0,0,0,0.506385,0.075833
3311,0.222105,0.078402,0.293408,0.218287,0.453581,0.287357,0.410441,0.222541,0.270376,0.215989,0,0.057549819,0,0.26005,0.034577
3313,0.185843,0.144945,0.151711,0.160233,0.343639,0.227946,0.263554,0.189581,0.36812,0.165193,0,0,0,0.451097,0.058948
3314,0.09446,0.082193,0.296226,0.124018,0.294725,0.266051,0.400896,0.090428,0.213503,0.086258,0,0.139327045,0,0.310089,0.054026
3315,0.186518,0.100698,0.217157,0.170546,0.305419,0.286454,0.375277,0.188378,0.293392,0.170585,0,0,0,0.70749,0.046084
3318,0.28987,0.167548,0.159414,0.254276,0.353094,0.171349,0.225551,0.295175,0.306001,0.240662,0,0,0,0.317878,0.065357
3319,0.128769,0.112623,0.227084,0.128545,0.29251,0.184935,0.317021,0.126753,0.260596,0.113932,0,0.058891518,0,0.314377,0.062667
3320,0.12313,0.119488,0.200354,0.120733,0.273506,0.136445,0.265697,0.121825,0.233684,0.106197,0,0.086482845,0,0.515698,0.06594
3523,0.101222,0.261423,0.05317,0.116922,0.172904,0.188656,0.073245,0.075163,0.643393,0.195527,0,0,0,0.308271,0.086188
3526,0.088369,0.248404,0.232653,0.105303,0.259656,0.455053,0.415416,0.094224,0.389263,0.114525,0.164271,0.400780898,0.423157,0.430969,0.285829
3527,0.125194,0.155548,0.16333,0.110886,0.257691,0.313379,0.252518,0.122339,0.50984,0.13106,0,0,0,0.663389,0.065997
3528,0.059133,0.376596,0.084636,0.067708,0.087766,0.140592,0.122284,0.051276,0.572598,0.145479,0.37072,0.257228513,0.493252,0.576837,0.238096
3551,0.057815,0.376596,0.084636,0.071188,0.09226,0.140592,0.122284,0.046704,0.59143,0.15369,0.37072,0.257228513,0.493252,0.488767,0.238527
3552,0.113067,0.181228,0.108351,0.091089,0.257906,0.328678,0.192903,0.110541,0.439585,0.109832,0,0,0,0.67608,0.058753
3665,0.161884,0.261423,0.05317,0.124832,0.255364,0.188656,0.073245,0.173205,0.517193,0.146218,0,0,0,0.577349,0.081859
3667,0.37059,0.057993,0.423659,0.35306,0.65791,0.459084,0.588575,0.371621,0.546554,0.363323,0,0,0,0.376674,0.039622
3668,0.121835,0.090697,0.247955,0.144024,0.309392,0.27864,0.412187,0.117514,0.368351,0.125137,0,0,0,0.533847,0.064976
3671,0.090727,0.144945,0.199985,0.117851,0.222287,0.233287,0.277482,0.081585,0.549113,0.135994,0,0,0,0.464922,0.072681
3676,0.08261,0.119488,0.277996,0.084935,0.16504,0.405516,0.377082,0.081256,0.342147,0.074164,0,0,0,0.229297,0.058393
3691,0.088174,0.106387,0.368113,0.106728,0.200783,0.08567,0.383245,0.085975,0.646726,0.093816,0,0,0,0.14365,0.056711
3692,0.131664,0.256963,0.391397,0.164873,0.448549,0.357723,0.589758,0.138346,0.493199,0.151474,0.195788,0.356979605,0.318764,0.393785,0.233875
3708,0.15296,0.106387,0.226355,0.132277,0.289693,0.227935,0.363616,0.153797,0.403814,0.126013,0,0.043891372,0,0.593879,0.070066
3714,0.054891,0.167548,0.263213,0.08059,0.128482,0,0.175328,0.046358,0.679782,0.114521,0,0,0,0.198256,0.065246
3753,0.155899,0.181228,0.146568,0.126633,0.320117,0.094282,0.172835,0.161496,0.316197,0.128337,0,0.344315085,0,0.496731,0.064048
3754,0.111995,0.236416,0.077064,0.085929,0.180051,0.151174,0.113626,0.118733,0.419631,0.098093,0,0,0,0.326029,0.077482
3755,0.273944,0.230778,0.404322,0.253712,0.548036,0.313171,0.642562,0.285816,0.000443,0.233463,0.266434,0.657426459,0.253165,0.975691,0.416401
3756,0.049896,0.344366,0.067711,0.054098,0.040814,0.15053,0.100743,0.050045,0.402368,0.089118,0.218168,0.312751515,0.537066,0.596236,0.207964
3757,0.285092,0.144945,0.399464,0.278537,0.617806,0.395695,0.605082,0.291587,0.404512,0.271788,0.145344,0.639561716,0.493252,0.300621,0.328216
3758,0.119275,0.236416,0.072764,0.098401,0.222869,0.163024,0.113626,0.114394,0.567791,0.138544,0,0,0,0.479091,0.083479
3759,0.160729,0.034825,0.422317,0.194171,0.373434,0.29647,0.67358,0.160616,0.435479,0.134787,0,0,0,0.482743,0.040003
3760,0.095613,0.275569,0.113266,0.080915,0.169696,0.120029,0.236454,0.097566,0.416699,0.103723,0.153613,0.251453644,0.537066,0.689495,0.170849
3761,0.084191,0.236416,0.072764,0.076819,0.129153,0.163024,0.113626,0.076446,0.474473,0.114718,0,0,0,0.34911,0.082773
3764,0.169793,0.220157,0.289108,0.164189,0.386387,0.177887,0.489072,0.177495,0.222504,0.130797,0.114902,0.200396901,0.423157,0.824873,0.157407
3770,0.100285,0.236416,0.120622,0.11431,0.177529,0,0.098147,0.076453,0.569006,0.2081,0,0,0,0.288332,0.093165
3774,0.063283,0.051574,0.539575,0.093921,0.234137,0.244746,0.63308,0.063232,0.077485,0.036032,0,0,0,0.164966,0.032111
3775,0.039017,0.112623,0.404573,0.027423,0.106082,0,0.228236,0.040379,0.152931,0.019126,0,0,0,0.182878,0.041652
3776,0.090821,0.027625,0.669144,0.132399,0.343267,0.294779,0.790569,0.090833,0,0.056039,0,0,0,0.16214,0.022082
3777,0.162617,0.290927,0.029708,0.118319,0.178325,0,0.028838,0.171185,0.278927,0.135074,0,0,0,1,0.094573
3778,0.029048,0.144945,0.317364,0.016376,0.081978,0,0.197833,0.030236,0.217261,0.01709,0,0,0,0.108872,0.052036
3779,0.014728,0.112623,0.404573,0.014703,0.041807,0,0.228236,0.015278,0.164927,0,0,0,0,0.080038,0.041835
3780,0.015916,0.167548,0.263213,0.008383,0.033841,0,0.175328,0.016001,0.262793,0.015614,0,0,0,0.131932,0.059428
3797,0.168376,0.511948,0.333678,0.17993,0.525823,0.199342,0.537456,0.186851,0.181378,0.170327,0.579542,0.348220094,0.701218,0.812492,0.238572
3800,0.145553,0.5209,0.198924,0.151715,0.332826,0.195438,0.328349,0.14792,0.416016,0.181761,0.389917,0.272279581,0.911194,0.817237,0.101229
3838,0.250562,0.013935,0.871217,0.360509,0.870242,0,0.315263,0.246756,0.126708,0.213858,0,0,0,0,0.012112
3841,0.073403,0.742491,0.036102,0.084588,0.099124,0,0.027556,0.055462,0.589973,0.149665,0,0,0.146805,0.36222,0.079414
3842,0.027062,0.433006,0.030397,0.013623,0.082296,0.07724,0,0.021519,0.453285,0.045568,0,0,0.146805,0.285339,0.046599
3848,0.294646,0,0.604493,0.359739,0.920342,0.181265,0.921168,0.293916,0.134469,0.195267,0,0.189672704,0,0.484146,0.065933
3849,0.181162,0.127079,0.212691,0.161928,0.348036,0.193539,0.350721,0.180822,0.395999,0.157866,0,0,0,0.502295,0.070966
3880,0.068175,0.261423,0.075782,0.077076,0.05367,0,0.06661,0.061366,0.508506,0.100082,0,0,0,0.330061,0.073856
3881,0.054301,0.261423,0.075782,0.072295,0.028355,0,0.06661,0.044038,0.433275,0.103777,0,0,0,0.317937,0.071664
3913,0.08121,0.290927,0.029708,0.09703,0.064467,0,0.028838,0.071227,0.602057,0.144679,0,0,0,0.24739,0.082513
3914,0.059012,0.155548,0.202585,0.0921,0.196587,0.408209,0.283219,0.047854,0.488605,0.096478,0,0,0,0.376806,0.070341
3934,0.15746,0.074875,0.529548,0.210575,0.416647,0,0.261887,0.150017,0.825582,0.176971,0,0,0,0.243445,0.035717
3950,0.252145,1,0.474472,0.247053,0.50464,0.014738,0.172533,0.249102,0.687614,0.35937,0,0,0.046586,0.182872,0.059863
3987,0.142124,0.08628,0.275509,0.169531,0.351063,0.151174,0.434714,0.13716,0.490337,0.156451,0,0,0,0.411731,0.065847
4030,0.374732,0.215153,0.106848,0.314867,0.417332,0.15053,0.155993,0.383169,0.41447,0.313703,0,0,0,0.86764,0.081144
4048,0.103765,0.167548,0.147427,0.102945,0.211051,0.167909,0.224039,0.100616,0.48986,0.110289,0,0,0,0.43654,0.072956
4096,0.066784,0.090697,0.473153,0.06051,0.130596,0,0.247961,0.067872,0.172209,0.046823,0,0,0,0.323871,0.035217
4100,0.087889,0.127079,0.193801,0.118236,0.331452,0.19438,0.298085,0.079161,0.623936,0.107733,0,0,0,0.226364,0.075856
4101,0.087889,0.127079,0.193801,0.118236,0.331452,0.19438,0.298085,0.079161,0.623936,0.107733,0,0,0,0.226364,0.075856
4200,0.185846,0.037281,0.703537,0.275489,0.71327,0,0.294567,0.180185,0.303643,0.172891,0,0,0,0.016414,0.020086
4220,0.174362,0.236416,0.120622,0.128144,0.133281,0,0.098147,0.177973,0.186444,0.182713,0,0,0,0.232666,0.093124
4334,0.092735,0.261423,0.05317,0.103633,0.123002,0.188656,0.073245,0.071326,0.512157,0.172335,0,0,0,0.470259,0.084847
4342,0.056424,0.167548,0.263213,0.094417,0.240356,0,0.175328,0.0446,1,0.133131,0,0,0,0.171231,0.064352
4343,0.042545,0.181228,0.177628,0.071563,0.144325,0.139603,0.227028,0.032508,0.757427,0.107535,0,0,0,0.254186,0.067574
4344,0.068505,0.363858,0.031265,0.067415,0.080242,0.151174,0.058443,0.07022,0.451016,0.090847,0.348544,0.23104906,0.537066,0.392351,0.095663
4345,0.084645,0.155548,0.152041,0.080468,0.170641,0.194066,0.234795,0.080132,0.456713,0.087002,0,0,0,0.500227,0.075443
4369,0.09007,0.236416,0.120622,0.11431,0.177529,0,0.098147,0.067686,0.75973,0.215836,0,0,0,0.241519,0.091492
4370,0.09007,0.236416,0.120622,0.11431,0.177529,0,0.098147,0.067686,0.75973,0.215836,0,0,0,0.241519,0.091492
4371,0.107039,0.290927,0.029708,0.132954,0.176341,0,0.028838,0.078972,0.736873,0.231825,0,0,0,0.324512,0.100948
4380,0.135944,0.016464,0.499827,0.187019,0.463603,0.478194,0.788974,0.135801,0.151409,0.099536,0,0.010068441,0,0.494539,0.031763
4412,0.144163,0.181228,0.095451,0.118916,0.331233,0.192321,0.183862,0.141146,0.644938,0.149011,0,0,0,0.223393,0.07973
4434,0.109258,0.106387,0.23,0.140934,0.375009,0.194514,0.352977,0.102487,0.587788,0.115061,0,0,0,0.206844,0.076278
4457,0.098562,0.135516,0.226469,0.103037,0.248996,0.311932,0.344794,0.09708,0.364326,0.09782,0,0,0,0.186523,0.049023
4458,0.195988,0.046104,0.41752,0.222279,0.428824,0.355809,0.61404,0.193878,0.357295,0.175531,0,0.068709614,0,0.398415,0.058489
4472,0.135896,0.337955,0.216428,0.153805,0.208068,0.169572,0.279405,0.124122,0.595337,0.226818,0.653358,0.295694887,0.493252,0.693552,0.174082
4480,0.223882,0.06293,0.577388,0.282144,0.501977,0,0.272292,0.21555,0.843595,0.261075,0,0,0,0.343467,0.033996
4491,0.147382,0.02949,0.578923,0.194633,0.46718,0.152374,0.669002,0.145126,0.167139,0.108156,0,0,0,0.160737,0.053011
4508,0.256265,0.055733,0.373265,0.260409,0.456257,0.187174,0.546797,0.25459,0.459022,0.254564,0,0,0,0.71803,0.068865
4516,0.092735,0.261423,0.05317,0.103633,0.123002,0.188656,0.073245,0.071326,0.512157,0.172335,0,0,0,0.470259,0.084847
4532,0.138783,0.196946,0.26098,0.169489,0.335408,0.163816,0.360113,0.132402,0.701736,0.192674,0.06413,0.134361601,0.537066,0.364541,0.124999
4543,0.098346,0.167548,0.193468,0.130021,0.243647,0.228757,0.260116,0.083273,0.707816,0.160261,0,0,0,0.290608,0.078109
4545,0.134888,0.044456,0.362071,0.140125,0.219957,0.51684,0.596945,0.1354,0.259821,0.104155,0,0.015821905,0,0.394789,0.043535
4548,0.06218,0.144945,0.317364,0.090601,0.172419,0,0.197833,0.055658,0.740212,0.107746,0,0,0,0.176035,0.057327
4568,0.125231,0.236416,0.083159,0.117045,0.105623,0.176223,0.118417,0.112294,0.414802,0.180448,0,0,0,0.262599,0.091435
4572,0.113486,0.196946,0.198797,0.108187,0.209726,0,0.144121,0.110685,0.635951,0.145945,0,0,0,0.173854,0.074596
4584,0.228027,0.008008,0.816192,0.255167,0.426295,0.093338,0.802143,0.227947,0.139354,0.197924,0,0,0,0.259932,0.01398
4605,0.105721,0.167548,0.263213,0.093619,0.269751,0,0.175328,0.10493,0.727979,0.124497,0,0,0,0.160256,0.062561
4607,0.157318,0.261423,0.05317,0.126529,0.24474,0.188656,0.073245,0.158008,0.65721,0.175137,0,0,0,0.269379,0.091247
4612,0.101937,0.181228,0.177628,0.092592,0.168765,0.139603,0.227028,0.097441,0.596622,0.131354,0,0,0,0.295488,0.081268
4617,0.138518,0.119488,0.187633,0.162199,0.358088,0.193634,0.318782,0.128432,0.562595,0.161368,0,0,0,0.230112,0.08156
4622,0.167876,0.042886,0.67238,0.219556,0.475292,0,0.289686,0.167035,0.69527,0.151391,0,0,0,0.316433,0.02239
4624,0.10041,0.236416,0.120622,0.078224,0.176632,0,0.098147,0.105217,0.545996,0.104653,0,0,0,0.188295,0.078725
4637,0.052744,0.144945,0.317364,0.085262,0.202973,0,0.197833,0.045943,0.787672,0.097933,0,0,0,0.12584,0.055796
4640,0.092735,0.261423,0.05317,0.103633,0.123002,0.188656,0.073245,0.071326,0.512157,0.172335,0,0,0,0.294275,0.084847
4647,0.072068,0.167548,0.263213,0.066003,0.163476,0,0.175328,0.070774,0.634983,0.089565,0,0,0,0.284313,0.061958
4650,0.255477,0.167548,0.281785,0.233745,0.442727,0.341338,0.435082,0.259505,0.441662,0.220557,0.04984,0.169203163,0.537066,0.841565,0.113108
4664,0.287011,0.002151,0.641831,0.365502,0.905632,0.194643,1,0.284521,0.100091,0.206499,0,0,0,0.199273,0.067067
4673,0.092735,0.261423,0.05317,0.103633,0.123002,0.188656,0.073245,0.071326,0.512157,0.172335,0,0,0,0.470259,0.084847
4680,0.22329,0.155548,0.152041,0.164915,0.281301,0.194066,0.234795,0.227254,0.424899,0.175954,0,0,0,0.207777,0.074461
4708,0.236525,0.261423,0.05317,0.171256,0.307091,0.188656,0.073245,0.24379,0.442981,0.201541,0,0,0,0.610751,0.083252
4713,0.088844,0.095487,0.404026,0.123021,0.306674,0.077948,0.406752,0.085911,0.62626,0.095544,0,0,0,0.121808,0.051808
4717,0.071574,0.090697,0.23164,0.089216,0.185246,0.323133,0.410415,0.070599,0.373172,0.058354,0,0,0,0.499254,0.057453
4728,0.222218,0.008008,0.492276,0.257849,0.50827,0.043624,0.588429,0.222113,0.027123,0.191053,0,0.516634398,0,0.427824,0.016042
4733,0.136641,0.261423,0.05317,0.143958,0.146594,0.188656,0.073245,0.107354,0.406428,0.241532,0,0,0,0.28251,0.093696
4737,0.131588,0.08628,0.395747,0.163553,0.337186,0.121098,0.417632,0.128504,0.733637,0.13742,0,0,0,0.321073,0.061189
4765,0.09937,0.090697,0.473153,0.156589,0.454412,0,0.247961,0.09448,0.815036,0.121827,0,0,0,0.086875,0.038163
4770,0.272626,0.236416,0.120622,0.213857,0.411101,0,0.098147,0.287648,0.689657,0.241933,0,0,0,0.190867,0.080284
4779,0.092009,0.236416,0.120622,0.086488,0.218332,0,0.098147,0.085353,0.764445,0.148642,0,0,0,0.167675,0.084816
4796,0.176442,0.08628,0.294542,0.164996,0.409713,0.255051,0.429081,0.176849,0.301636,0.141782,0,0.039755403,0,0.460821,0.066696
4798,0.060565,0.215153,0.106848,0.071831,0.126047,0.276301,0.155993,0.048391,0.588182,0.119841,0,0,0,0.319649,0.083639
4816,0.234627,0.068513,0.344488,0.230332,0.434329,0.23145,0.498651,0.234505,0.43008,0.231535,0,0.036249671,0,0.289202,0.052975
4832,0.143038,0.012138,0.533934,0.199021,0.512573,0.503001,0.825677,0.142854,0.131292,0.104255,0,0.017223853,0,0.496231,0.032379
4847,0.103231,0.225362,0.179354,0.081159,0.192675,0.116063,0.356715,0.109439,0.523636,0.086813,0.055213,0.114889668,0.537066,0.346576,0.120506
4867,0.04941,0.236416,0.120622,0.071469,0.117162,0,0.098147,0.03432,0.696551,0.1398,0,0,0,0.239588,0.084705
4878,0.159151,0.123185,0.258679,0.180153,0.406009,0.286775,0.460533,0.157568,0.268436,0.137344,0.053337,0.152859352,0.537066,0.733989,0.11448
4903,0.09503,0.290927,0.029708,0.115957,0.116186,0,0.028838,0.072705,0.580359,0.201726,0,0,0,0.311019,0.099382
4907,0.183688,0.100698,0.440697,0.219605,0.335403,0,0.239037,0.176625,0.712481,0.242211,0,0,0,0.218589,0.048659
4910,0.148937,0.012138,0.888013,0.228874,0.66255,0,0.316899,0.148545,0.130089,0.106119,0,0,0,0.102369,0.010988
4924,0.179108,0.02854,0.457872,0.214346,0.524434,0.194637,0.708668,0.178561,0.186148,0.118702,0,0,0,0.46568,0.067573
4940,0.107564,0.196946,0.198797,0.132801,0.154929,0,0.144121,0.091647,0.672996,0.192483,0,0,0,0.430751,0.082782
4942,0.063737,0.135516,0.239744,0.080024,0.181464,0.163024,0.29129,0.060314,0.530873,0.081257,0,0,0,0.329153,0.06295
4948,0,0.381817,0,0,0,0,0,0,0.5574,0.133618,0,0,0,0.168599,0
4955,0.157582,0.042886,0.67238,0.165688,0.274698,0,0.289686,0.158127,0.362318,0.134906,0,0,0,0.522677,0.021139
4956,0.202254,0.00939,0.552172,0.264807,0.638565,0.492187,0.817284,0.201104,0.0401,0.197081,0,0.369527126,0,0.394289,0.036696
4962,0.081079,0.215153,0.161648,0.108876,0.156886,0,0.123527,0.062787,0.664539,0.157905,0,0,0,0.175034,0.07421
4965,0.107437,0.167548,0.162514,0.128715,0.23403,0.182736,0.219358,0.092437,0.656532,0.176801,0,0,0,0.2317,0.086836
4968,0.219417,0.046104,0.390472,0.272871,0.633983,0.201949,0.618522,0.214082,0.571908,0.243472,0,0,0,0.461349,0.0692
4969,0.096099,0.290927,0.029708,0.108175,0.094363,0,0.028838,0.079287,0.542944,0.184701,0,0,0,0.306363,0.098732
4974,0.485631,0.215153,0.106848,0.452527,0.48187,0.276301,0.155993,0.492969,0.544472,0.438588,0,0,0,0.520848,0.076007
4985,0.110286,0.071587,0.393713,0.131734,0.267206,0.212324,0.494103,0.109484,0.450084,0.091079,0,0,0,0.495682,0.058295
5001,0.267041,0.062474,1,0.348557,0.778069,0.038342,0.817618,0.265518,0.405584,0.218926,0,0,0.146805,0.276746,0.027161
5010,0.212627,0.290927,0.029708,0.156912,0.259687,0,0.028838,0.233634,0.561963,0.172396,0,0,0,0.247947,0.081217
5027,0.124974,0.144945,0.317364,0.155477,0.240596,0,0.197833,0.113576,0.78926,0.210156,0,0,0,0.252366,0.063661
5028,0.157341,0.601907,0.183195,0.111596,0.358677,0.148068,0.244885,0.154452,0.454521,0.179168,0,0,0.091169,0.369962,0.067379
5031,0.196932,0.074875,0.251854,0.180153,0.389646,0.168092,0.431803,0.19801,0.128496,0.162132,0,0.046221971,0,0.746049,0.056693
5035,0.103715,0.196946,0.103831,0.110719,0.230055,0.193138,0.160346,0.095232,0.622131,0.136427,0,0,0,0.501835,0.078453
5041,0.09007,0.236416,0.120622,0.11431,0.177529,0,0.098147,0.067686,0.75973,0.215836,0,0,0,0.241519,0.091492
5042,0.062697,0.236416,0.120622,0.092398,0.192119,0,0.098147,0.042265,0.932149,0.176766,0,0,0,0.253974,0.086425
5079,0.084216,0.135516,0.192283,0.092499,0.209554,0.216843,0.275574,0.081301,0.325026,0.086606,0,0.048727503,0,0.307696,0.064065
5095,0.180117,0.090697,0.379295,0.209667,0.336688,0.125306,0.405455,0.175615,0.745102,0.210902,0,0,0,0.325389,0.057797
5101,0.137192,0.106387,0.218541,0.125388,0.280097,0.258683,0.336801,0.137013,0.237467,0.111506,0,0.058891518,0,0.626828,0.066914
5111,0.054301,0.261423,0.075782,0.072295,0.028355,0,0.06661,0.044038,0.433275,0.103777,0,0,0,0.317937,0.071664
5112,0.086311,0.215153,0.161648,0.114472,0.15678,0,0.123527,0.06848,0.723911,0.165781,0,0,0,0.170313,0.075938
5127,0.095822,0.082193,0.313361,0.128163,0.296908,0.271985,0.462099,0.091907,0.288545,0.106593,0,0,0,0.437318,0.05605
5128,0.121268,0.095487,0.261617,0.116378,0.237211,0.183825,0.411569,0.120783,0.195714,0.098638,0,0,0,0.796601,0.064215
5129,0.159403,0.071587,0.340421,0.171931,0.343307,0.14815,0.50016,0.156791,0.325461,0.142686,0,0.265134022,0,0.55541,0.066861
5149,0.07674,0.167548,0.263213,0.105274,0.229952,0,0.175328,0.066226,0.737215,0.128846,0,0,0,0.122995,0.063628
5173,0.172587,0.060388,0.37829,0.227667,0.544069,0.226097,0.548423,0.165987,0.574776,0.204819,0,0,0,0.356283,0.063451
5196,0.175875,0.02949,0.463604,0.20365,0.412089,0.260714,0.667994,0.175767,0.282346,0.135585,0,0.03326892,0,0.511548,0.057855
5208,0.074227,0.225362,0.169843,0.090078,0.194219,0.322256,0.298888,0.071654,0.30998,0.081038,0.139239,0.174416048,0.537066,0.470515,0.083788
5210,0.203776,0.014414,0.527223,0.241687,0.510683,0.551198,0.817073,0.203732,0.152867,0.1719,0,0,0,0.425194,0.026225
5236,0.162841,0.074875,0.330576,0.173829,0.383013,0.307,0.480652,0.162024,0.538907,0.143426,0,0,0,0.370779,0.065056
5243,0.241108,0.011305,0.498862,0.290205,0.639588,0.436081,0.81003,0.239387,0.20481,0.194766,0,0.076578023,0,0.608203,0.056314
5248,0.209303,0.095487,0.254473,0.188453,0.315162,0.221506,0.391208,0.21162,0.283215,0.184112,0,0,0,0.427391,0.043511
5250,0.090021,0.261423,0.05317,0.107107,0.107803,0.188656,0.073245,0.070684,0.509939,0.148503,0,0,0,0.450442,0.071563
5254,0.157868,0.286411,0.272062,0.165871,0.433029,0.374646,0.450121,0.168734,0.22528,0.433835,0.439397,1.36413308,0.282397,0.73311,1.162312
5260,0.076163,0.135516,0.283877,0.101862,0.218478,0.106586,0.321462,0.070402,0.502028,0.111707,0,0,0,0.226299,0.056741
5261,0.167067,0.082193,0.625236,0.212996,0.538079,0.149359,0.775865,0.168182,0.089128,0.154725,0.028338,0.196455521,0.493252,0.512372,0.084873
5271,0.067502,0.236416,0.120622,0.105093,0.194166,0,0.098147,0.045683,0.845774,0.164181,0,0,0,0.189331,0.082345
5383,0.155218,0.196946,0.198797,0.117985,0.105114,0,0.144121,0.156707,0.195583,0.171283,0,0,0,0.205459,0.081008
5384,0.144647,0.074875,0.378267,0.192203,0.463391,0.166275,0.450365,0.136911,0.577511,0.151564,0,0,0,0.234532,0.067362
5385,0.120887,0.095487,0.326864,0.164368,0.403201,0.163024,0.385924,0.111615,0.570355,0.14105,0,0,0,0.244074,0.06879
5386,0.120887,0.095487,0.326864,0.164368,0.403201,0.163024,0.385924,0.111615,0.570355,0.14105,0,0,0,0.244074,0.06879
5388,0.120887,0.095487,0.326864,0.164368,0.403201,0.163024,0.385924,0.111615,0.570355,0.14105,0,0,0,0.244074,0.06879
5394,0.058067,0.215153,0.106848,0.075322,0.134621,0.276301,0.155993,0.043702,0.610719,0.126723,0,0,0,0.486202,0.083991
5415,0.089875,0.379056,0.157996,0.076786,0.094595,0.110864,0.243092,0.101134,0.321507,0.101843,0.354523,0.197402213,0.364747,0.95196,0.238164
5422,0.096137,0.290927,0.029708,0.090277,0.088227,0,0.028838,0.089702,0.366672,0.145128,0,0,0,0.642221,0.096582
5423,0.051336,0.236416,0.120622,0.070649,0.096266,0,0.098147,0.041273,0.585063,0.109623,0,0,0,0.186581,0.079758
5535,0.062697,0.236416,0.120622,0.092398,0.192119,0,0.098147,0.042265,0.932149,0.176766,0,0,0,0.169556,0.086425
5536,0.073559,0.100698,0.440697,0.12084,0.337176,0,0.239037,0.06923,0.685053,0.093842,0,0,0,0.093298,0.040942
5564,0.104858,0.167548,0.263213,0.142449,0.23765,0,0.175328,0.088387,0.803243,0.190912,0,0,0,0.326082,0.071745
5571,0.107039,0.290927,0.029708,0.132954,0.176341,0,0.028838,0.078972,0.736873,0.231825,0,0,0,0.324512,0.100948
